pais,indice_democracia,designacao_mp,latitude,longitude,capital,iso3,iam
África do Sul,7.16,National Prosecuting Authority (NPA),-25.704975,28.227483,Pretoria,ZAF,
Alemanha,8.73,Bundesanwaltschaft,52.523765,13.399603,Berlin,DEU,
Argentina,6.51,Ministério Público,-34.600556,-58.399477,Buenos Aires,ARG,
Austrália,8.85,,-35.283029,149.129026,Canberra,AUS,
Áustria,8.28,,48.201961,16.364693,Vienna,AUT,
Bélgica,7.64,,50.835263,4.331371,Brussels,BEL,
Botsuana,7.63,,-24.646314,25.911948,Gaborone,BWA,
Brasil,6.49,Ministério Público,-15.781394,-47.917998,Brasília,BRA,
Cabo Verde,7.58,,14.916698,-23.516689,Praia,CPV,
Canadá,8.69,,45.418643,-75.701961,Ottawa,CAN,
Chile,7.83,,-33.448068,-70.668987,Santiago,CHL,
Chipre,7.38,,35.166677,33.366635,Nicosia,CYP,
Coreia do Sul,7.75,,37.568295,126.997785,Seoul,KOR,
Costa Rica,8.29,,9.936958,-84.085997,San José,CRI,
Croácia,6.5,,45.800007,15.999995,Zagreb,HRV,
Dinamarca,9.28,,55.68051,12.56154,København,DNK,
Eslováquia,7.21,,48.150018,17.116981,Bratislava,SVK,
Eslovênia,7.82,,46.055288,14.514969,Ljubljana,SVN,
Espanha,8.13,,40.401972,-3.685298,Madrid,ESP,
Estados Unidos,7.85,,38.901495,-77.011364,"Washington,  D.C.",USA,
Estônia,8.13,,59.433877,24.728041,Tallinn,EST,
Filipinas,6.63,,14.606105,120.980271,Manila,PHL,
Finlândia,9.3,,60.177509,24.932181,Helsinki,FIN,
França,7.99,,48.868639,2.33139,Paris,FRA,
Grécia,8.07,,37.985272,23.731375,Athens,GRC,
Hungria,6.51,,47.501952,19.081375,Budapest,HUN,
Índia,7.29,,28.600023,77.19998,New Delhi,IND,
Irlanda,9.19,,53.335007,-6.250852,Dublin,IRL,
Islândia,9.38,,64.150024,-21.950015,Reykjavík,ISL,
Israel,7.8,,31.778408,35.206626,Jerusalem,ISR,
Itália,7.58,,41.897902,12.481313,Rome,ITA,
Jamaica,6.74,,17.977077,-76.767434,Kingston,JAM,
Japão,8.48,,35.686963,139.749462,Tokyo,JPN,
Letônia,7.66,,56.950024,24.099965,Riga,LVA,
Lituânia,7.59,,54.683366,25.316635,Vilnius,LTU,
Luxemburgo,8.88,,49.61166,6.130003,Luxembourg,LUX,
Malásia,7.11,,3.168612,101.698037,Kuala Lumpur,MYS,
Malta,7.93,,35.899733,14.514711,Valletta,MLT,
Maurício,8.23,,-20.166639,57.499994,Port Louis,MUS,
Mongólia,6.53,,47.918619,106.91467,Ulaanbaatar,MNG,
Montenegro,6.73,,42.465973,19.266307,Podgorica,MNE,
Noruega,9.81,,59.918636,10.748033,Oslo,NOR,
Nova Zelândia,9.61,,-41.299988,174.783266,Wellington,NZL,
Países Baixos,9.0,,52.351915,4.914694,Amsterdam,NLD,
Panamá,6.84,,8.969963,-79.534983,Panama City,PAN,
Polônia,7.4,,52.251947,20.998054,Warsaw,POL,
Portugal,8.08,,38.724669,-9.146812,Lisbon,PRT,
Reino Unido,8.34,,51.501941,-0.118668,London,GBR,
República Dominicana,6.62,,18.472019,-69.902031,Santo Domingo,DOM,
República Tcheca,8.08,,50.085283,14.464034,Prague,CZE,
Suécia,9.39,,59.352706,18.095389,Stockholm,SWE,
Suíça,9.32,,46.916683,7.466976,Bern,CHE,
Suriname,6.79,,5.83503,-55.167031,Paramaribo,SUR,
Taiwan,8.78,,25.035833,121.568333,Taipei,TWN,
Timor-Leste,7.03,,-8.559388,125.579456,Dili,TLS,
Trinidad e Tobago,7.09,,10.651997,-61.517031,Port-of-Spain,TTO,
Uruguai,8.67,,-34.856096,-56.172998,Montevideo,URY,
